"DISTANCE","VELOCITY"
1.7999999523162842,890
7.25,3810
7,4638
9,4820
11,5230
13.800000190734863,7500
22,11800
32,19600
4.199999809265137,2350
2.1500000953674316,630
