"LOAD","MASS"
12.199999809265137,18.200000762939453
14.600000381469727,17.5
15.800000190734863,7.21999979019165
25.299999237060547,30.600000381469727
38.599998474121094,6.659999847412109
76.4000015258789,6.139999866485596
163,5.210000038146973
182,.5019999742507935
415,.6110000014305115
446,.6299999952316284
628,.4269999861717224
377,.010999999940395355
770,.012000000104308128
1446,.006000000052154064
1012,.0020000000949949026
